{  
    "rabbit_version":"3.3.5",
    "users":[  
        {  
            "name":"usr_91bb_data",
            "password_hash":"Smqiyh8cBpBMCKCCWbrJa3wUEe8=",
            "tags":"91BB, ERS, ESB_DATA"
        },
        {  
            "name":"usr_91bb_corp",
            "password_hash":"Smqiyh8cBpBMCKCCWbrJa3wUEe8=",
            "tags":"91BB, ERS, ESB_CORP"
        }        
    ],
    "vhosts":[  
        {  
            "name":"/DES_91BB"
        }
    ],
    "permissions":[  
        {  
            "user":"usr_91bb_data",
            "vhost":"/DES_91BB",
            "configure":"",
            "write":".*",
            "read":""
        },
        {  
            "user":"usr_91bb_corp",
            "vhost":"/DES_91BB",
            "configure":"",
            "write":".*",
            "read":".*"
        }        
    ],
    "parameters":[  

    ],
    "policies":[  
        {  
            "vhost":"/DES_91BB",
            "name":"Mirror-all",
            "pattern":"^mirr\\.",
            "apply-to":"all",
            "definition":{  
                "ha-mode":"all",
                "ha-sync-mode":"automatic"
            },
            "priority":0
        }
    ],
    "queues":[  
        {  
            "name":"mirr.q.ers_submitreturn",
            "vhost":"/DES_91BB",
            "durable":true,
            "auto_delete":false,
            "arguments":{  
                "x-dead-letter-exchange":"ers.direct.dlx"
            }			
        },	
        {  
            "name":"mirr.q.ers_submitreturn_retry",
            "vhost":"/DES_91BB",
            "durable":true,
            "auto_delete":false,
            "arguments":{  
                "x-message-ttl":60000,
                "x-dead-letter-exchange":"ers.direct",
                "x-dead-letter-routing-key":"submitreturn"
            }
        },
        {  
            "name":"mirr.q.ers_submitreturn_dl",
            "vhost":"/DES_91BB",
            "durable":true,
            "auto_delete":false,
            "arguments":{  

            }
        }
    ],
    "exchanges":[  
        {  
            "name":"ers.direct.dlx",
            "vhost":"/DES_91BB",
            "type":"direct",
            "durable":true,
            "auto_delete":false,
            "internal":false,
            "arguments":{  

            }
        },	
        {  
            "name":"ers.direct",
            "vhost":"/DES_91BB",
            "type":"direct",
            "durable":true,
            "auto_delete":false,
            "internal":false,
            "arguments":{  

            }
        }
    ],
    "bindings":[  
        {  
            "source":"ers.direct",
            "vhost":"/DES_91BB",
            "destination":"mirr.q.ers_submitreturn",
            "destination_type":"queue",
            "routing_key":"submitreturn",
            "arguments":{  

            }
        },
        {  
            "source":"ers.direct",
            "vhost":"/DES_91BB",
            "destination":"mirr.q.ers_submitreturn_retry",
            "destination_type":"queue",
            "routing_key":"submitreturn_retry",
            "arguments":{  

            }
        },
        {  
            "source":"ers.direct.dlx",
            "vhost":"/DES_91BB",
            "destination":"mirr.q.ers_submitreturn_dl",
            "destination_type":"queue",
            "routing_key":"submitreturn",
            "arguments":{  

            }
        }, 
        {  
            "source":"ers.direct.dlx",
            "vhost":"/DES_91BB",
            "destination":"mirr.q.ers_submitreturn_dl",
            "destination_type":"queue",
            "routing_key":"submitreturn_ok",
            "arguments":{  

            }
        }        
    ]	
}