<?xml version="1.0" encoding="UTF-8"?>
<!DOCTYPE directory PUBLIC "-//Penrose/DTD Directory 2.0//EN" "http://penrose.safehaus.org/dtd/directory.dtd">

<directory>
 
  <entry dn="dc=intix,dc=info">
    <oc>dcObject</oc>
    <oc>organization</oc>
    <oc>top</oc>
    <at name="dc" rdn="true">
      <constant>intix</constant>
    </at>
    <at name="o">
      <constant>intix</constant>
    </at>
    <aci>
      <permission>rs</permission>
    </aci>
  </entry>
  <entry dn="ou=Users,dc=intix,dc=info">
    <oc>organizationalUnit</oc>
    <at name="ou" rdn="true">
      <constant>Users</constant>
    </at>
  </entry>
  <entry dn="uid=...,ou=Users,dc=intix,dc=info">
    <entry-class>org.safehaus.penrose.directory.DynamicEntry</entry-class>

	<oc>account</oc>
    <oc>inetOrgPerson</oc>
    <oc>organizationalPerson</oc>
    <oc>person</oc>
    <oc>top</oc>

    <at name="uid" rdn="true">
      <variable>src1.emp_no</variable>
    </at>
    <at name="cn">
      <expression>return src1.first_name + " " + src1.last_name;</expression>
    </at>
    <at name="sn">
      <variable>src1.last_name</variable>
    </at>
    <at name="description">
      <expression>return "hire_date: " + src1.hire_date;</expression>
    </at>
    <at name="seeAlso">
      <expression>return "birth_date: " + src1.birth_date;</expression>
    </at>

    <at name="gn">
      <variable>src1.first_name</variable>
    </at>
    <at name="mail">
      <expression>return  src1.first_name + "." + src1.last_name + "@intix.info";</expression>
    </at>
    <at name="userPassword">
      <expression>return "{SHA}qUqP5cyxm6YcTAhz05Hph5gvu9M=";</expression>
    </at>


    <source alias="src1">
      <source-name>liferay_src</source-name>
      <field name="emp_no">
        <variable>uid</variable>
      </field>

      <field name="last_name">
        <variable>sn</variable>
      </field>


    </source>
  </entry>
</directory>
