<?xml version="1.0" encoding="UTF-8"?>
<!DOCTYPE sources PUBLIC "-//Penrose/DTD Sources 2.0//EN" "http://penrose.safehaus.org/dtd/sources.dtd">

<sources>
  <source name="liferay_src">
    <connection-name>liferay_cnx</connection-name>
    <field name="birth_date" type="DATE"/>
    <field name="emp_no" primaryKey="true" type="INTEGER" length="10"/>
    <field name="first_name" length="14"/>
    <field name="gender" type="CHAR" length="2"/>
    <field name="hire_date" type="DATE"/>
    <field name="last_name" length="16"/>
    <parameter>
      <param-name>catalog</param-name>
      <param-value>employees</param-value>
    </parameter>
    <parameter>
      <param-name>table</param-name>
      <param-value>employees</param-value>
    </parameter>
    <parameter>
      <param-name>filter</param-name>
      <param-value>emp_no IN (SELECT emp_no FROM employees WHERE hire_date BETWEEN '1999-08-01' AND '1999-08-31')</param-value>
    </parameter>
  </source>
</sources>