<?xml version="1.0"?>
<!DOCTYPE liferay-portlet-app PUBLIC "-//Liferay//DTD Portlet Application 6.0.0//EN" "http://www.liferay.com/dtd/liferay-portlet-app_6_0_0.dtd">

<liferay-portlet-app>
	
	<!-- INTIX: Ajax Alfresco Folder Browser -->
	<portlet>
		<portlet-name>ajaxalfrescofolderbrowser</portlet-name>
		<icon>/intix.info_icon.png</icon>
		<instanceable>false</instanceable>
		<header-portlet-css>/css/portlet.css</header-portlet-css>
		<header-portlet-javascript>/js/jquery-1.6.3.js</header-portlet-javascript>
		<footer-portlet-javascript>
			/js/javascript.js
		</footer-portlet-javascript>
		<css-class-wrapper>
			ajaxalfrescofolderbrowser-portlet
		</css-class-wrapper>
	</portlet>
	
	<role-mapper>
		<role-name>administrator</role-name>
		<role-link>Administrator</role-link>
	</role-mapper>
	<role-mapper>
		<role-name>guest</role-name>
		<role-link>Guest</role-link>
	</role-mapper>
	<role-mapper>
		<role-name>power-user</role-name>
		<role-link>Power User</role-link>
	</role-mapper>
	<role-mapper>
		<role-name>user</role-name>
		<role-link>User</role-link>
	</role-mapper>
</liferay-portlet-app>