<?xml version="1.0"?>

<portlet-app
	version="2.0"
	xmlns="http://java.sun.com/xml/ns/portlet/portlet-app_2_0.xsd"
	xmlns:xsi="http://www.w3.org/2001/XMLSchema-instance"
	xsi:schemaLocation="http://java.sun.com/xml/ns/portlet/portlet-app_2_0.xsd http://java.sun.com/xml/ns/portlet/portlet-app_2_0.xsd"
>
	
	<!-- INTIX: Ajax Alfresco Folder Browser -->
	<portlet>
		<portlet-name>ajaxalfrescofolderbrowser</portlet-name>
		<display-name>Ajax Alfresco Folder Browser</display-name>
		<portlet-class>
			info.intix.lfry.samples.AjaxAlfrescoFolderBrowser
		</portlet-class>
		<init-param>
			<name>view-jsp</name>
			<value>/html/ajaxalfrescofolderbrowser/view.jsp</value>
		</init-param>
		<init-param>
			<name>edit-jsp</name>
			<value>/html/ajaxalfrescofolderbrowser/edit.jsp</value>
		</init-param>
		<init-param>
			<name>help-jsp</name>
			<value>/html/ajaxalfrescofolderbrowser/help.jsp</value>
		</init-param>
		<expiration-cache>0</expiration-cache>
		<supports>
			<mime-type>text/html</mime-type>
			<portlet-mode>VIEW</portlet-mode>
			<portlet-mode>EDIT</portlet-mode>
			<portlet-mode>HELP</portlet-mode>
		</supports>
		<resource-bundle>content/Language</resource-bundle>
		
		<portlet-info>
			<title>Ajax Alfresco Folder Browser</title>
			<short-title>AjaxAlfrescoFolderBrowser</short-title>
			<keywords></keywords>
		</portlet-info>

		<!--  INTIX: to be modified when portlet is in edit mode -->
		<portlet-preferences>
            <preference>
                <name>alfServer</name>
                <value>http://192.168.56.101:8080</value>
            </preference>
            <preference>
                <name>alfTicketSvc</name>
                <value>/alfresco/service/api/login</value>
            </preference>
            <preference>
            	<name>alfTicketSvcParams</name>
            	<value>u=admin&amp;pw=admin</value>
            </preference>
            <preference>
                <name>alfWebscriptBrowserURL</name>
                <value>/alfresco/service/sample/folder/Company%20Home</value>
            </preference>
            <preference>
            	<name>alfWebscriptBrowerURLParams</name>
            	<value></value>
            </preference>         
        </portlet-preferences>
		
		<security-role-ref>
			<role-name>administrator</role-name>
		</security-role-ref>
		<security-role-ref>
			<role-name>guest</role-name>
		</security-role-ref>
		<security-role-ref>
			<role-name>power-user</role-name>
		</security-role-ref>
		<security-role-ref>
			<role-name>user</role-name>
		</security-role-ref>
	</portlet>
</portlet-app>