<?xml version="1.0" encoding="UTF-8"?>
<con:soapui-project activeEnvironment="Default" name="local_dss_echo2" resourceRoot="" soapui-version="4.6.4" xmlns:con="http://eviware.com/soapui/config"><con:settings/><con:interface xsi:type="con:WsdlInterface" wsaVersion="NONE" name="echoSoap12Binding" type="wsdl" bindingName="{http://echo.services.core.carbon.wso2.org}echoSoap12Binding" soapVersion="1_2" anonymous="optional" definition="http://127.0.0.1:9765/services/echo?wsdl" xmlns:xsi="http://www.w3.org/2001/XMLSchema-instance"><con:settings/><con:definitionCache/><con:endpoints><con:endpoint>http://127.0.0.1:9765/services/echo.echoHttpSoap12Endpoint/</con:endpoint><con:endpoint>https://127.0.0.1:9445/services/echo.echoHttpsSoap12Endpoint/</con:endpoint></con:endpoints><con:operation isOneWay="false" action="urn:echoInt" name="echoInt" bindingOperationName="echoInt" type="Request-Response" inputName="" receivesAttachments="false" sendsAttachments="false" anonymous="optional"><con:settings/></con:operation><con:operation isOneWay="false" action="urn:echoOMElement" name="echoOMElement" bindingOperationName="echoOMElement" type="Request-Response" inputName="" receivesAttachments="false" sendsAttachments="false" anonymous="optional"><con:settings/></con:operation><con:operation isOneWay="false" action="urn:echoString" name="echoString" bindingOperationName="echoString" type="Request-Response" inputName="" receivesAttachments="false" sendsAttachments="false" anonymous="optional"><con:settings/></con:operation><con:operation isOneWay="false" action="urn:echoStringArrays" name="echoStringArrays" bindingOperationName="echoStringArrays" type="Request-Response" inputName="" receivesAttachments="false" sendsAttachments="false" anonymous="optional"><con:settings/></con:operation><con:operation isOneWay="false" action="urn:throwAxisFault" name="throwAxisFault" bindingOperationName="throwAxisFault" type="Request-Response" inputName="" receivesAttachments="false" sendsAttachments="false" anonymous="optional"><con:settings/></con:operation></con:interface><con:interface xsi:type="con:WsdlInterface" wsaVersion="NONE" name="echoSoap11Binding" type="wsdl" bindingName="{http://echo.services.core.carbon.wso2.org}echoSoap11Binding" soapVersion="1_1" anonymous="optional" definition="http://127.0.0.1:9765/services/echo?wsdl" xmlns:xsi="http://www.w3.org/2001/XMLSchema-instance"><con:settings/><con:definitionCache type="TEXT" rootPart="http://127.0.0.1:9765/services/echo?wsdl"><con:part><con:url>http://127.0.0.1:9765/services/echo?wsdl</con:url><con:content><![CDATA[<wsdl:definitions targetNamespace="http://echo.services.core.carbon.wso2.org" xmlns:wsdl="http://schemas.xmlsoap.org/wsdl/" xmlns:ns1="http://org.apache.axis2/xsd" xmlns:ns="http://echo.services.core.carbon.wso2.org" xmlns:wsaw="http://www.w3.org/2006/05/addressing/wsdl" xmlns:http="http://schemas.xmlsoap.org/wsdl/http/" xmlns:ax21="http://echo.services.core.carbon.wso2.org/xsd" xmlns:xs="http://www.w3.org/2001/XMLSchema" xmlns:soap="http://schemas.xmlsoap.org/wsdl/soap/" xmlns:mime="http://schemas.xmlsoap.org/wsdl/mime/" xmlns:soap12="http://schemas.xmlsoap.org/wsdl/soap12/">
  <wsp:Policy wsu:Id="policyFromRegistry" xmlns:wsp="http://schemas.xmlsoap.org/ws/2004/09/policy" xmlns:wsu="http://docs.oasis-open.org/wss/2004/01/oasis-200401-wss-wssecurity-utility-1.0.xsd">
    <wsp:ExactlyOne>
      <wsp:All>
        <sp:SignedSupportingTokens xmlns:sp="http://schemas.xmlsoap.org/ws/2005/07/securitypolicy">
          <wsp:Policy>
            <sp:UsernameToken sp:IncludeToken="http://schemas.xmlsoap.org/ws/2005/07/securitypolicy/IncludeToken/AlwaysToRecipient"/>
          </wsp:Policy>
        </sp:SignedSupportingTokens>
      </wsp:All>
    </wsp:ExactlyOne>
  </wsp:Policy>
  <wsdl:documentation>echo</wsdl:documentation>
  <wsdl:types>
    <xs:schema attributeFormDefault="qualified" elementFormDefault="unqualified" targetNamespace="http://echo.services.core.carbon.wso2.org/xsd">
      <xs:complexType name="SimpleBean">
        <xs:sequence>
          <xs:element maxOccurs="unbounded" minOccurs="0" name="a_r" nillable="true" type="xs:string"/>
          <xs:element maxOccurs="unbounded" minOccurs="0" name="b_r" nillable="true" type="xs:string"/>
          <xs:element minOccurs="0" name="c" type="xs:int"/>
        </xs:sequence>
      </xs:complexType>
    </xs:schema>
    <xs:schema attributeFormDefault="qualified" elementFormDefault="unqualified" targetNamespace="http://echo.services.core.carbon.wso2.org" xmlns:ax22="http://echo.services.core.carbon.wso2.org/xsd">
      <xs:import namespace="http://echo.services.core.carbon.wso2.org/xsd"/>
      <xs:element name="echoOMElement">
        <xs:complexType>
          <xs:sequence>
            <xs:element minOccurs="0" name="omEle" nillable="true" type="xs:anyType"/>
          </xs:sequence>
        </xs:complexType>
      </xs:element>
      <xs:element name="echoOMElementResponse">
        <xs:complexType>
          <xs:sequence>
            <xs:element minOccurs="0" name="return" nillable="true" type="xs:anyType"/>
          </xs:sequence>
        </xs:complexType>
      </xs:element>
      <xs:element name="echoString">
        <xs:complexType>
          <xs:sequence>
            <xs:element minOccurs="0" name="in" nillable="true" type="xs:string"/>
          </xs:sequence>
        </xs:complexType>
      </xs:element>
      <xs:element name="echoStringResponse">
        <xs:complexType>
          <xs:sequence>
            <xs:element minOccurs="0" name="return" nillable="true" type="xs:string"/>
          </xs:sequence>
        </xs:complexType>
      </xs:element>
      <xs:element name="echoInt">
        <xs:complexType>
          <xs:sequence>
            <xs:element minOccurs="0" name="in" type="xs:int"/>
          </xs:sequence>
        </xs:complexType>
      </xs:element>
      <xs:element name="echoIntResponse">
        <xs:complexType>
          <xs:sequence>
            <xs:element minOccurs="0" name="return" type="xs:int"/>
          </xs:sequence>
        </xs:complexType>
      </xs:element>
      <xs:element name="throwAxisFault">
        <xs:complexType>
          <xs:sequence/>
        </xs:complexType>
      </xs:element>
      <xs:element name="throwAxisFaultResponse">
        <xs:complexType>
          <xs:sequence>
            <xs:element minOccurs="0" name="return" nillable="true" type="xs:string"/>
          </xs:sequence>
        </xs:complexType>
      </xs:element>
      <xs:element name="echoStringArrays">
        <xs:complexType>
          <xs:sequence>
            <xs:element maxOccurs="unbounded" minOccurs="0" name="a" nillable="true" type="xs:string"/>
            <xs:element maxOccurs="unbounded" minOccurs="0" name="b" nillable="true" type="xs:string"/>
            <xs:element minOccurs="0" name="c" type="xs:int"/>
          </xs:sequence>
        </xs:complexType>
      </xs:element>
      <xs:element name="echoStringArraysResponse">
        <xs:complexType>
          <xs:sequence>
            <xs:element minOccurs="0" name="return" nillable="true" type="ax21:SimpleBean"/>
          </xs:sequence>
        </xs:complexType>
      </xs:element>
    </xs:schema>
  </wsdl:types>
  <wsdl:message name="echoStringArraysRequest">
    <wsdl:part name="parameters" element="ns:echoStringArrays"/>
  </wsdl:message>
  <wsdl:message name="echoStringArraysResponse">
    <wsdl:part name="parameters" element="ns:echoStringArraysResponse"/>
  </wsdl:message>
  <wsdl:message name="echoOMElementRequest">
    <wsdl:part name="parameters" element="ns:echoOMElement"/>
  </wsdl:message>
  <wsdl:message name="echoOMElementResponse">
    <wsdl:part name="parameters" element="ns:echoOMElementResponse"/>
  </wsdl:message>
  <wsdl:message name="echoIntRequest">
    <wsdl:part name="parameters" element="ns:echoInt"/>
  </wsdl:message>
  <wsdl:message name="echoIntResponse">
    <wsdl:part name="parameters" element="ns:echoIntResponse"/>
  </wsdl:message>
  <wsdl:message name="throwAxisFaultRequest">
    <wsdl:part name="parameters" element="ns:throwAxisFault"/>
  </wsdl:message>
  <wsdl:message name="throwAxisFaultResponse">
    <wsdl:part name="parameters" element="ns:throwAxisFaultResponse"/>
  </wsdl:message>
  <wsdl:message name="echoStringRequest">
    <wsdl:part name="parameters" element="ns:echoString"/>
  </wsdl:message>
  <wsdl:message name="echoStringResponse">
    <wsdl:part name="parameters" element="ns:echoStringResponse"/>
  </wsdl:message>
  <wsdl:portType name="echoPortType">
    <wsdl:operation name="echoStringArrays">
      <wsdl:input message="ns:echoStringArraysRequest" wsaw:Action="urn:echoStringArrays"/>
      <wsdl:output message="ns:echoStringArraysResponse" wsaw:Action="urn:echoStringArraysResponse"/>
    </wsdl:operation>
    <wsdl:operation name="echoOMElement">
      <wsdl:input message="ns:echoOMElementRequest" wsaw:Action="urn:echoOMElement"/>
      <wsdl:output message="ns:echoOMElementResponse" wsaw:Action="urn:echoOMElementResponse"/>
    </wsdl:operation>
    <wsdl:operation name="echoInt">
      <wsdl:input message="ns:echoIntRequest" wsaw:Action="urn:echoInt"/>
      <wsdl:output message="ns:echoIntResponse" wsaw:Action="urn:echoIntResponse"/>
    </wsdl:operation>
    <wsdl:operation name="throwAxisFault">
      <wsdl:input message="ns:throwAxisFaultRequest" wsaw:Action="urn:throwAxisFault"/>
      <wsdl:output message="ns:throwAxisFaultResponse" wsaw:Action="urn:throwAxisFaultResponse"/>
    </wsdl:operation>
    <wsdl:operation name="echoString">
      <wsdl:input message="ns:echoStringRequest" wsaw:Action="urn:echoString"/>
      <wsdl:output message="ns:echoStringResponse" wsaw:Action="urn:echoStringResponse"/>
    </wsdl:operation>
  </wsdl:portType>
  <wsdl:binding name="echoSoap11Binding" type="ns:echoPortType">
    <wsp:PolicyReference URI="#policyFromRegistry" xmlns:wsp="http://schemas.xmlsoap.org/ws/2004/09/policy"/>
    <soap:binding transport="http://schemas.xmlsoap.org/soap/http" style="document"/>
    <wsdl:operation name="echoStringArrays">
      <soap:operation soapAction="urn:echoStringArrays" style="document"/>
      <wsdl:input>
        <soap:body use="literal"/>
      </wsdl:input>
      <wsdl:output>
        <soap:body use="literal"/>
      </wsdl:output>
    </wsdl:operation>
    <wsdl:operation name="echoOMElement">
      <soap:operation soapAction="urn:echoOMElement" style="document"/>
      <wsdl:input>
        <soap:body use="literal"/>
      </wsdl:input>
      <wsdl:output>
        <soap:body use="literal"/>
      </wsdl:output>
    </wsdl:operation>
    <wsdl:operation name="echoInt">
      <soap:operation soapAction="urn:echoInt" style="document"/>
      <wsdl:input>
        <soap:body use="literal"/>
      </wsdl:input>
      <wsdl:output>
        <soap:body use="literal"/>
      </wsdl:output>
    </wsdl:operation>
    <wsdl:operation name="throwAxisFault">
      <soap:operation soapAction="urn:throwAxisFault" style="document"/>
      <wsdl:input>
        <soap:body use="literal"/>
      </wsdl:input>
      <wsdl:output>
        <soap:body use="literal"/>
      </wsdl:output>
    </wsdl:operation>
    <wsdl:operation name="echoString">
      <soap:operation soapAction="urn:echoString" style="document"/>
      <wsdl:input>
        <soap:body use="literal"/>
      </wsdl:input>
      <wsdl:output>
        <soap:body use="literal"/>
      </wsdl:output>
    </wsdl:operation>
  </wsdl:binding>
  <wsdl:binding name="echoSoap12Binding" type="ns:echoPortType">
    <wsp:PolicyReference URI="#policyFromRegistry" xmlns:wsp="http://schemas.xmlsoap.org/ws/2004/09/policy"/>
    <soap12:binding transport="http://schemas.xmlsoap.org/soap/http" style="document"/>
    <wsdl:operation name="echoStringArrays">
      <soap12:operation soapAction="urn:echoStringArrays" style="document"/>
      <wsdl:input>
        <soap12:body use="literal"/>
      </wsdl:input>
      <wsdl:output>
        <soap12:body use="literal"/>
      </wsdl:output>
    </wsdl:operation>
    <wsdl:operation name="echoOMElement">
      <soap12:operation soapAction="urn:echoOMElement" style="document"/>
      <wsdl:input>
        <soap12:body use="literal"/>
      </wsdl:input>
      <wsdl:output>
        <soap12:body use="literal"/>
      </wsdl:output>
    </wsdl:operation>
    <wsdl:operation name="echoInt">
      <soap12:operation soapAction="urn:echoInt" style="document"/>
      <wsdl:input>
        <soap12:body use="literal"/>
      </wsdl:input>
      <wsdl:output>
        <soap12:body use="literal"/>
      </wsdl:output>
    </wsdl:operation>
    <wsdl:operation name="throwAxisFault">
      <soap12:operation soapAction="urn:throwAxisFault" style="document"/>
      <wsdl:input>
        <soap12:body use="literal"/>
      </wsdl:input>
      <wsdl:output>
        <soap12:body use="literal"/>
      </wsdl:output>
    </wsdl:operation>
    <wsdl:operation name="echoString">
      <soap12:operation soapAction="urn:echoString" style="document"/>
      <wsdl:input>
        <soap12:body use="literal"/>
      </wsdl:input>
      <wsdl:output>
        <soap12:body use="literal"/>
      </wsdl:output>
    </wsdl:operation>
  </wsdl:binding>
  <wsdl:service name="echo">
    <wsdl:port name="echoHttpsSoap11Endpoint" binding="ns:echoSoap11Binding">
      <soap:address location="https://127.0.0.1:9445/services/echo.echoHttpsSoap11Endpoint/"/>
    </wsdl:port>
    <wsdl:port name="echoHttpSoap11Endpoint" binding="ns:echoSoap11Binding">
      <soap:address location="http://127.0.0.1:9765/services/echo.echoHttpSoap11Endpoint/"/>
    </wsdl:port>
    <wsdl:port name="echoHttpSoap12Endpoint" binding="ns:echoSoap12Binding">
      <soap12:address location="http://127.0.0.1:9765/services/echo.echoHttpSoap12Endpoint/"/>
    </wsdl:port>
    <wsdl:port name="echoHttpsSoap12Endpoint" binding="ns:echoSoap12Binding">
      <soap12:address location="https://127.0.0.1:9445/services/echo.echoHttpsSoap12Endpoint/"/>
    </wsdl:port>
  </wsdl:service>
</wsdl:definitions>]]></con:content><con:type>http://schemas.xmlsoap.org/wsdl/</con:type></con:part></con:definitionCache><con:endpoints><con:endpoint>http://127.0.0.1:9765/services/echo</con:endpoint><con:endpoint>https://127.0.0.1:9445/services/echo</con:endpoint></con:endpoints><con:operation isOneWay="false" action="urn:echoInt" name="echoInt" bindingOperationName="echoInt" type="Request-Response" inputName="" receivesAttachments="false" sendsAttachments="false" anonymous="optional"><con:settings/></con:operation><con:operation isOneWay="false" action="urn:echoOMElement" name="echoOMElement" bindingOperationName="echoOMElement" type="Request-Response" inputName="" receivesAttachments="false" sendsAttachments="false" anonymous="optional"><con:settings/></con:operation><con:operation isOneWay="false" action="urn:echoString" name="echoString" bindingOperationName="echoString" type="Request-Response" inputName="" receivesAttachments="false" sendsAttachments="false" anonymous="optional"><con:settings/><con:call name="HTTP + WSSE - ok"><con:settings><con:setting id="com.eviware.soapui.impl.wsdl.WsdlRequest@request-headers">&lt;xml-fragment/></con:setting></con:settings><con:encoding>UTF-8</con:encoding><con:endpoint>http://127.0.0.1:9765/services/echo</con:endpoint><con:request><![CDATA[<soapenv:Envelope xmlns:soapenv="http://schemas.xmlsoap.org/soap/envelope/" xmlns:echo="http://echo.services.core.carbon.wso2.org">
   <soapenv:Header>
      <wsse:Security soapenv:mustUnderstand="1" xmlns:wsse="http://docs.oasis-open.org/wss/2004/01/oasis-200401-wss-wssecurity-secext-1.0.xsd">
         <wsse:UsernameToken wsu:Id="UsernameToken-1" xmlns:wsu="http://docs.oasis-open.org/wss/2004/01/oasis-200401-wss-wssecurity-utility-1.0.xsd">
            <wsse:Username>admin</wsse:Username>
            <wsse:Password>admin</wsse:Password>
         </wsse:UsernameToken>
      </wsse:Security>   
   </soapenv:Header>
   <soapenv:Body>
      <echo:echoString>
         <in>HTTP with valid WSSE Header (header required by WS-Policy)</in>
      </echo:echoString>
   </soapenv:Body>
</soapenv:Envelope>]]></con:request><con:credentials><con:authType>Global HTTP Settings</con:authType></con:credentials><con:jmsConfig JMSDeliveryMode="PERSISTENT"/><con:jmsPropertyConfig/><con:wsaConfig mustUnderstand="NONE" version="200508" action="urn:echoString"/><con:wsrmConfig version="1.2"/></con:call><con:call name="HTTP - error"><con:settings><con:setting id="com.eviware.soapui.impl.wsdl.WsdlRequest@request-headers">&lt;xml-fragment/></con:setting></con:settings><con:encoding>UTF-8</con:encoding><con:endpoint>http://127.0.0.1:9765/services/echo</con:endpoint><con:request><![CDATA[<soapenv:Envelope xmlns:soapenv="http://schemas.xmlsoap.org/soap/envelope/" xmlns:echo="http://echo.services.core.carbon.wso2.org">
   <soapenv:Header/>
   <soapenv:Body>
      <echo:echoString>
         <in>HTTP without WSSE Header required by WS-Policy</in>
      </echo:echoString>
   </soapenv:Body>
</soapenv:Envelope>]]></con:request><con:credentials><con:authType>Global HTTP Settings</con:authType></con:credentials><con:jmsConfig JMSDeliveryMode="PERSISTENT"/><con:jmsPropertyConfig/><con:wsaConfig mustUnderstand="NONE" version="200508" action="urn:echoString"/><con:wsrmConfig version="1.2"/></con:call><con:call name="HTTPS + WSSE - ok"><con:settings><con:setting id="com.eviware.soapui.impl.wsdl.WsdlRequest@request-headers">&lt;xml-fragment/></con:setting></con:settings><con:encoding>UTF-8</con:encoding><con:endpoint>https://127.0.0.1:9445/services/echo</con:endpoint><con:request><![CDATA[<soapenv:Envelope xmlns:soapenv="http://schemas.xmlsoap.org/soap/envelope/" xmlns:echo="http://echo.services.core.carbon.wso2.org">
   <soapenv:Header>
      <wsse:Security soapenv:mustUnderstand="1" xmlns:wsse="http://docs.oasis-open.org/wss/2004/01/oasis-200401-wss-wssecurity-secext-1.0.xsd">
         <wsse:UsernameToken wsu:Id="UsernameToken-1" xmlns:wsu="http://docs.oasis-open.org/wss/2004/01/oasis-200401-wss-wssecurity-utility-1.0.xsd">
            <wsse:Username>admin</wsse:Username>
            <wsse:Password>admin</wsse:Password>
         </wsse:UsernameToken>
      </wsse:Security>   
   </soapenv:Header>
   <soapenv:Body>
      <echo:echoString>
         <in>HTTPS with valid WSSE Header (header required by WS-Policy)</in>
      </echo:echoString>
   </soapenv:Body>
</soapenv:Envelope>]]></con:request><con:credentials><con:authType>Global HTTP Settings</con:authType></con:credentials><con:jmsConfig JMSDeliveryMode="PERSISTENT"/><con:jmsPropertyConfig/><con:wsaConfig mustUnderstand="NONE" version="200508" action="urn:echoString"/><con:wsrmConfig version="1.2"/></con:call><con:call name="HTTPS - error"><con:settings><con:setting id="com.eviware.soapui.impl.wsdl.WsdlRequest@request-headers">&lt;xml-fragment/></con:setting></con:settings><con:encoding>UTF-8</con:encoding><con:endpoint>https://127.0.0.1:9445/services/echo</con:endpoint><con:request><![CDATA[<soapenv:Envelope xmlns:soapenv="http://schemas.xmlsoap.org/soap/envelope/" xmlns:echo="http://echo.services.core.carbon.wso2.org">
   <soapenv:Header/>
   <soapenv:Body>
      <echo:echoString>
         <in>HTTPS without WSSE Header required by WS-Policy</in>
      </echo:echoString>
   </soapenv:Body>
</soapenv:Envelope>]]></con:request><con:credentials><con:authType>Global HTTP Settings</con:authType></con:credentials><con:jmsConfig JMSDeliveryMode="PERSISTENT"/><con:jmsPropertyConfig/><con:wsaConfig mustUnderstand="NONE" version="200508" action="urn:echoString"/><con:wsrmConfig version="1.2"/></con:call></con:operation><con:operation isOneWay="false" action="urn:echoStringArrays" name="echoStringArrays" bindingOperationName="echoStringArrays" type="Request-Response" inputName="" receivesAttachments="false" sendsAttachments="false" anonymous="optional"><con:settings/></con:operation><con:operation isOneWay="false" action="urn:throwAxisFault" name="throwAxisFault" bindingOperationName="throwAxisFault" type="Request-Response" inputName="" receivesAttachments="false" sendsAttachments="false" anonymous="optional"><con:settings/></con:operation></con:interface><con:properties/><con:wssContainer/><con:sensitiveInformation/></con:soapui-project>