    <!-- ================================================= -->
    <!--             Transport Ins (Listeners)             -->
    <!-- ================================================= -->

    <transportReceiver name="rabbitmq" class="uk.gov.hmrc.wso2.rabbitmq.RabbitMQListener">
     
       <!-- For 91BB ERS project -->
       <parameter name="AMQPConnectionFactory91BBCorp" locked="false">
          <parameter name="rabbitmq.server.virtual.host" locked="false">/DES_91BB</parameter>
          <parameter name="rabbitmq.server.host.name" locked="false">10.105.135.64</parameter>
          <parameter name="rabbitmq.server.port" locked="false">5672</parameter>
          <parameter name="rabbitmq.server.user.name" locked="false">usr_91bb_corp</parameter>
          <parameter name="rabbitmq.server.password" locked="false">usr91bb</parameter>		  
       </parameter>
       
    </transportReceiver>       
    
    <!-- ================================================= -->
    <!--             Transport Outs (Senders)              -->
    <!-- ================================================= -->
    
    <transportSender name="rabbitmq" class="uk.gov.hmrc.wso2.rabbitmq.RabbitMQSender"/>    