<?xml version="1.0" encoding="UTF-8"?>
<artifacts>
    <artifact name="ETMP_HEART_BEAT_REQUEST_TEMPLATE" groupId="uk.gov.hmrc.wso2.etmp.resource" version="1.0.0" type="registry/resource" serverRole="GovernanceRegistry">
        <item>
            <file>ETMP_HEART_BEAT_REQUEST_TEMPLATE.xml</file>
            <path>/_system/governance/templates</path>
            <mediaType>application/vnd.wso2.template</mediaType>
        </item>
    </artifact>
    <artifact name="ETMP_HEART_BEAT_EP" groupId="uk.gov.hmrc.wso2.etmp.resource" version="1.0.0" type="registry/resource" serverRole="GovernanceRegistry">
        <item>
            <file>ETMP_HEART_BEAT_EP.xml</file>
            <path>/_system/governance/templates</path>
            <mediaType>application/vnd.wso2.template</mediaType>
        </item>
    </artifact>	
    <artifact name="CORP_ERS_RABBITMQ_EP_TPL" groupId="uk.gov.hmrc.wso2.etmp.resource" version="1.0.0" type="registry/resource" serverRole="GovernanceRegistry">
        <item>
            <file>CORP_ERS_RABBITMQ_EP_TPL.xml</file>
            <path>/_system/governance/templates</path>
            <mediaType>application/vnd.wso2.template.endpoint</mediaType>
        </item>
    </artifact>
    <artifact name="CORP_ERS_REST_EP_TPL" groupId="uk.gov.hmrc.wso2.etmp.resource" version="1.0.0" type="registry/resource" serverRole="GovernanceRegistry">
        <item>
            <file>CORP_ERS_REST_EP_TPL.xml</file>
            <path>/_system/governance/templates</path>
            <mediaType>application/vnd.wso2.template.endpoint</mediaType>
        </item>
    </artifact>	
    <artifact name="CORP_ERS_SOAP_EP_TPL" groupId="uk.gov.hmrc.wso2.etmp.resource" version="1.0.0" type="registry/resource" serverRole="GovernanceRegistry">
        <item>
            <file>CORP_ERS_SOAP_EP_TPL.xml</file>
            <path>/_system/governance/templates</path>
            <mediaType>application/vnd.wso2.template.endpoint</mediaType>
        </item>
    </artifact>       
</artifacts>
