{
	"request": { 
		"method": "POST",
		"url": "/XISOAPAdapter/MessageServlet?senderParty=&senderService=MDTP_DEV&receiverParty=&receiverService=&interface=SubmissionSync&interfaceNamespace=http://hmrc.gov.uk/digitalgateway/employment-securities",
 		"bodyPatterns": [
			{ "contains": "<emp:TransmittingSystem></emp:TransmittingSystem>" },
			{ "contains": "<emp:OriginatingSystem></emp:OriginatingSystem>" },
			{ "contains": "<emp:CorrelationID></emp:CorrelationID>" },
			{ "contains": "<emp:MessageType>Submission</emp:MessageType>" },			
			{ "contains": "<emp:ParamName>SAP_NUMBER</emp:ParamName>" },
			{ "contains": "<emp:ParamValue></emp:ParamValue>" }
		]
	},
	"response": {
		"status": 500,
        "bodyFileName": "91BB-ERS-2SUMMARYSUBMISSION-500-SYSTEM-ERROR.xml",
		"headers": { 
			"Content-Type": "application/xml"
		}
	}
}