{
	"request": { 
		"method": "POST",
		"url": "/XISOAPAdapter/MessageServlet?senderParty=&senderService=MDTP_DEV&receiverParty=&receiverService=&interface=SubmissionSync&interfaceNamespace=http://hmrc.gov.uk/digitalgateway/employment-securities",
 		"bodyPatterns": [
			{ "contains": "<emp:MessageType>Submission</emp:MessageType>" },
			{ "contains": "<emp:ParamValue>ERS</emp:ParamValue>" },
			{ "contains": "<emp:ParamName>SAP_NUMBER</emp:ParamName>" },
			{ "contains": "<emp:ParamValue>0000000000</emp:ParamValue>" }
		]
	},
	"response": {
		"status": 200,
        "bodyFileName": "91BB-ERS-2SUMMARYSUBMISSION-200-NOT-FOUND.xml",
		"headers": { 
			"Content-Type": "application/xml"
		}
	}
}