<?xml version="1.0" encoding="UTF-8"?>
<!DOCTYPE connections PUBLIC "-//Penrose/DTD Connections 2.0//EN" "http://penrose.safehaus.org/dtd/connections.dtd">

<connections>
  <connection name="cnx_liferay_employeesdb">
    <adapter-name>JDBC</adapter-name>
    <parameter>
      <param-name>driver</param-name>
      <param-value>com.mysql.jdbc.Driver</param-value>
    </parameter>
    <parameter>
      <param-name>url</param-name>
      <param-value>jdbc:mysql://directorysrv1.intix.info:3306/employees?autoReconnect=true</param-value>
    </parameter>
    <parameter>
      <param-name>user</param-name>
      <param-value>root</param-value>
    </parameter>
    <parameter>
      <param-name>password</param-name>
      <param-value>demodemo</param-value>
    </parameter>
  </connection>
</connections>