<?xml version="1.0" encoding="UTF-8"?>
<!DOCTYPE directory PUBLIC "-//Penrose/DTD Directory 2.0//EN" "http://penrose.safehaus.org/dtd/directory.dtd">

<directory>
  <entry dn="dc=intix,dc=info">
    <oc>dcObject</oc>
    <oc>organization</oc>
    <oc>top</oc>
    <at name="dc" rdn="true">
      <constant>intix</constant>
    </at>
    <at name="o">
      <constant>intix</constant>
    </at>
    <aci>
      <permission>rs</permission>
    </aci>
  </entry>
  <entry dn="ou=Employees,dc=intix,dc=info">
    <oc>organizationalUnit</oc>
    <at name="ou" rdn="true">
      <constant>Employees</constant>
    </at>
  </entry>
  <entry dn="uid=...,ou=Employees,dc=intix,dc=info">
    <entry-class>org.safehaus.penrose.directory.DynamicEntry</entry-class>
    <oc>inetOrgPerson</oc>
    <oc>organizationalPerson</oc>
    <oc>person</oc>
    <at name="uid" rdn="true">
      <expression>return e.emp_no;</expression>
    </at>
    <at name="cn">
      <expression>if (e == void || e == null) return null;
return e.first_name.trim() + "" + e.last_name.trim();</expression>
    </at>
    <at name="sn">
      <variable>e.last_name</variable>
    </at>
    <at name="gn">
      <variable>e.first_name</variable>
    </at>
    <at name="mail">
      <expression>return  e.first_name + "." + e.last_name + "@intix.info";</expression>
    </at>
    <at name="userPassword">
      <expression>return "{SHA}qUqP5cyxm6YcTAhz05Hph5gvu9M=";</expression>
    </at>
    <at name="title">
      <expression>return "e.hire_date: " + e.hire_date + ", e.birth_date: " + e.birth_date + ", e.gender: " +e.gender;</expression>
    </at>
    <source alias="e">
      <source-name>src_liferay_emp</source-name>
      <field name="emp_no">
        <variable>uid</variable>
      </field>
      <field name="first_name">
        <expression>if (cn == void || cn == null) return null;
int i = cn.lastIndexOf(" ");
if (i &lt; 0) return null;
return cn.substring(0, i);</expression>
      </field>
      <field name="last_name">
        <expression>if (sn != void &amp;&amp; sn != null) return sn;
if (cn == void || cn == null) return null;
int i = cn.lastIndexOf(" ");
if (i &lt; 0) return cn;
return cn.substring(i+1);</expression>
      </field>
    </source>
  </entry>
</directory>