<?xml version="1.0" encoding="UTF-8"?>
<!DOCTYPE sources PUBLIC "-//Penrose/DTD Sources 2.0//EN" "http://penrose.safehaus.org/dtd/sources.dtd">

<sources>
  <source name="src_liferay_emp">
    <connection-name>cnx_liferay_employeesdb</connection-name>
    <field name="birth_date"/>
    <field name="emp_no" primaryKey="true"/>
    <field name="first_name"/>
    <field name="gender"/>
    <field name="hire_date"/>
    <field name="last_name"/>
    <parameter>
      <param-name>table</param-name>
      <param-value>employees</param-value>
    </parameter>
    <parameter>
      <param-name>filter</param-name>
      <param-value>emp_no IN (SELECT emp_no FROM employees WHERE hire_date BETWEEN '1999-08-01' AND '1999-08-31')</param-value>
    </parameter>
  </source>
</sources>