<?xml version="1.0" encoding="UTF-8"?>
<artifacts>
    <artifact name="ETMPReadPropertiesSequence" groupId="uk.gov.hmrc.wso2.etmp.sequence" version="1.0.0" type="synapse/sequence" serverRole="EnterpriseServiceBus">
        <file>src/main/synapse-config/sequences/ETMPReadPropertiesSequence.xml</file>
    </artifact>
    <artifact name="ETMPPrepareRequestSequence" groupId="uk.gov.hmrc.wso2.etmp.sequence" version="1.0.0" type="synapse/sequence" serverRole="EnterpriseServiceBus">
        <file>src/main/synapse-config/sequences/ETMPPrepareRequestSequence.xml</file>
    </artifact>
	<artifact name="ETMPHeartBeatAPI" groupId="uk.gov.hmrc.wso2.etmp.api" version="1.0.0" type="synapse/api" serverRole="EnterpriseServiceBus">
        <file>src/main/synapse-config/api/ETMPHeartBeatAPI.xml</file>
    </artifact>
	<artifact name="ERSSubmissionQueueToADRS" groupId="uk.gov.hmrc.wso2.etmp.api" version="1.0.0" type="synapse/api" serverRole="EnterpriseServiceBus">
        <file>src/main/synapse-config/api/ERSSubmissionQueueToADRS.xml</file>
    </artifact>    
	<artifact name="ERSSubmissionQueueListener" groupId="uk.gov.hmrc.wso2.etmp.proxy-service" version="1.0.0" type="synapse/proxy-service" serverRole="EnterpriseServiceBus">
        <file>src/main/synapse-config/proxy-services/ERSSubmissionQueueListener.xml</file>
    </artifact>        
</artifacts>
