<?xml version="1.0" encoding="UTF-8"?>
<!DOCTYPE directory PUBLIC "-//Penrose/DTD Directory 2.0//EN" "http://penrose.safehaus.org/dtd/directory.dtd">

<directory>
  <entry dn="dc=intix,dc=info">
    <oc>dcObject</oc>
    <oc>organization</oc>
    <oc>top</oc>
    <at name="dc" rdn="true">
      <constant>intix</constant>
    </at>
    <at name="o">
      <constant>intix</constant>
    </at>
    <aci>
      <permission>rs</permission>
    </aci>
  </entry>
  <entry dn="ou=Groups,dc=intix,dc=info">
    <oc>organizationalUnit</oc>
    <oc>top</oc>
    <at name="ou" rdn="true">
      <constant>Groups</constant>
    </at>
  </entry>
  <entry dn="cn=IT Administrators,ou=Groups,dc=intix,dc=info">
    <oc>groupOfUniqueNames</oc>
    <at name="cn" rdn="true">
      <constant>IT Administrators</constant>
    </at>
    <at name="description">
      <constant>Information Technology Administrators</constant>
    </at>
    <at name="uniqueMember">
      <constant>uid=admin_alfresco,ou=System Administrators,dc=intix,dc=info</constant>
    </at>
    <at name="uniqueMember">
      <constant>uid=admin_liferay,ou=System Administrators,dc=intix,dc=info</constant>
    </at>
  </entry>

  <entry dn="cn=IT Consultants,ou=Groups,dc=intix,dc=info">
    <entry-class>org.safehaus.penrose.directory.DynamicEntry</entry-class>
    <oc>groupOfUniqueNames</oc>
    <at name="cn" rdn="true">
      <constant>IT Consultants</constant>
    </at>
    <at name="description">
      <constant>Information Technology Consultants</constant>
    </at>
    <at name="uniqueMember">
		 <expression foreach="ge.emp_no" var="emp_uid">
			return "uid=" + emp_uid + ",ou=Employees,dc=intix,dc=info";
		 </expression>
    </at>

    <source alias="ge">
      <source-name>src_liferay_emp</source-name>
      <field name="emp_no">
       <variable>uid</variable>
      </field>
    </source>
  </entry>

  <entry dn="ou=System Administrators,dc=intix,dc=info">
    <oc>organizationalUnit</oc>
    <oc>top</oc>
    <at name="ou" rdn="true">
      <constant>System Administrators</constant>
    </at>
  </entry>

  <entry dn="uid=100,ou=System Administrators,dc=intix,dc=info">
    <oc>inetOrgPerson</oc>
    <oc>organizationalPerson</oc>
    <oc>person</oc>
    <oc>top</oc>

    <at name="uid" rdn="true">
      <constant>100</constant>
    </at>
    <at name="cn">
      <constant>adminalf</constant>
    </at>
    <at name="seeAlso">
      <constant>Alfresco Admin user</constant>
    </at>
    <at name="sn">
      <constant>ECM</constant>
    </at>
    <at name="givenName">
      <constant>Admin</constant>
    </at>
    <at name="mail">
      <constant>admin_alfresco@intix.info</constant>
    </at>
    <at name="userPassword">
      <constant>{sha}0DPiKuNIrrVmD8IUCuw1hQxNqZc=</constant>
    </at>
    <at name="title">
      <constant>System Admin</constant>
    </at>
    <at name="displayName">
      <constant>Alfresco System Admin</constant>
    </at>
  </entry>

  <entry dn="uid=200,ou=System Administrators,dc=intix,dc=info">
    <oc>inetOrgPerson</oc>
    <oc>organizationalPerson</oc>
    <oc>person</oc>
    <oc>top</oc>
    <at name="uid" rdn="true">
      <constant>200</constant>
    </at>
    <at name="cn">
      <constant>adminlfry</constant>
    </at>
    <at name="seeAlso">
      <constant>Liferay Admin user</constant>
    </at>
    <at name="sn">
      <constant>Portal</constant>
    </at>
    <at name="givenName">
      <constant>Admin</constant>
    </at>
    <at name="mail">
      <constant>admin_liferay@intix.info</constant>
    </at>
    <at name="userPassword">
      <constant>{sha}qUqP5cyxm6YcTAhz05Hph5gvu9M=</constant>
    </at>
    <at name="title">
      <constant>System Admin</constant>
    </at>
    <at name="displayName">
      <constant>Liferay System Admin</constant>
    </at>
  </entry>
  <entry dn="ou=Employees,dc=intix,dc=info">
    <oc>organizationalUnit</oc>
    <oc>top</oc>
    <at name="ou" rdn="true">
      <constant>Employees</constant>
    </at>
  </entry>

  <entry dn="uid=...,ou=Employees,dc=intix,dc=info">
    <entry-class>org.safehaus.penrose.directory.DynamicEntry</entry-class>
    <oc>inetOrgPerson</oc>
    <oc>organizationalPerson</oc>
    <oc>person</oc>
    <oc>top</oc>
    <at name="cn">
      <expression>String strCN = "cn is empty";
		if (e == void || e == null) {
			strCN = "cn is null";
		} else {
			strCN = e.first_name.trim() + e.last_name.trim();
		}
		return strCN.toLowerCase();</expression>
    </at>
    <at name="uid" rdn="true">
      <variable>e.emp_no</variable>
    </at>
    <at name="sn">
      <variable>e.last_name</variable>
    </at>
    <at name="givenName">
      <variable>e.first_name</variable>
    </at>
    <at name="mail">
      <expression>return  e.first_name + "." + e.last_name + "@intix.info";</expression>
    </at>
    <at name="userPassword">
      <expression>return "{SHA}" + e.pwd_sha1;</expression>
    </at>
    <at name="title">
      <constant>SAP Consultant</constant>
    </at>
    <at name="displayName">
      <expression>if (e == void || e == null) return null;
return e.first_name.trim() + " " + e.last_name.trim();</expression>
    </at>
    <at name="seeAlso">
      <expression>return "e.emp_no: " + e.emp_no + ", e.hire_date: " + e.hire_date + ", e.birth_date: " + e.birth_date + ", e.gender: " +e.gender;</expression>
    </at>
    <at name="o">
      <constant>INTIX.info</constant>
    </at>
    <at name="l">
      <constant>Barcelona</constant>
    </at>

    <source alias="e">
      <source-name>src_liferay_emp</source-name>
      <field name="emp_no">
        <variable>uid</variable>
      </field>
      <field name="first_name">
        <variable>givenName</variable>
      </field>
      <field name="last_name">
        <variable>sn</variable>
      </field>
      <field name="pwd_sha1">
        <variable>userPassword</variable>
      </field>
    </source>
    <aci>
      <target>ATTRIBUTES</target>
      <attributes>userPassword</attributes>
      <permission>rs</permission>
    </aci>
  </entry>
</directory>
